unicode,codepoint,latex,compose,description
ğ”¸,U1D538,\mathbb{A},<Multi_key> <b> <A>,mathematical bold capital A
ğ”¹,U1D539,\mathbb{B},<Multi_key> <b> <B>,mathematical bold capital B
â„‚,U2102,\mathbb{C},<Multi_key> <b> <C>,mathematical bold capital C
ğ”»,U1D53B,\mathbb{D},<Multi_key> <b> <D>,mathematical bold capital D
ğ”¼,U1D53C,\mathbb{E},<Multi_key> <b> <E>,mathematical bold capital E
ğ”½,U1D53D,\mathbb{F},<Multi_key> <b> <F>,mathematical bold capital F
ğ”¾,U1D53E,\mathbb{G},<Multi_key> <b> <G>,mathematical bold capital G
â„,U210D,\mathbb{H},<Multi_key> <b> <H>,mathematical bold capital H
ğ•€,U1D540,\mathbb{I},<Multi_key> <b> <I>,mathematical bold capital I
ğ•,U1D541,\mathbb{J},<Multi_key> <b> <J>,mathematical bold capital J
ğ•‚,U1D542,\mathbb{K},<Multi_key> <b> <K>,mathematical bold capital K
ğ•ƒ,U1D543,\mathbb{L},<Multi_key> <b> <L>,mathematical bold capital L
ğ•„,U1D544,\mathbb{M},<Multi_key> <b> <M>,mathematical bold capital M
â„•,U2115,\mathbb{N},<Multi_key> <b> <N>,mathematical bold capital N
ğ•†,U1D546,\mathbb{O},<Multi_key> <b> <O>,mathematical bold capital O
â„™,U2119,\mathbb{P},<Multi_key> <b> <P>,mathematical bold capital P
â„š,U211A,\mathbb{Q},<Multi_key> <b> <Q>,mathematical bold capital Q
â„,U211D,\mathbb{R},<Multi_key> <b> <R>,mathematical bold capital R
ğ•Š,U1D54A,\mathbb{S},<Multi_key> <b> <S>,mathematical bold capital S
ğ•‹,U1D54B,\mathbb{T},<Multi_key> <b> <T>,mathematical bold capital T
ğ•Œ,U1D54C,\mathbb{U},<Multi_key> <b> <U>,mathematical bold capital U
ğ•,U1D54D,\mathbb{V},<Multi_key> <b> <V>,mathematical bold capital V
ğ•,U1D54E,\mathbb{W},<Multi_key> <b> <W>,mathematical bold capital W
ğ•,U1D54F,\mathbb{X},<Multi_key> <b> <X>,mathematical bold capital X
ğ•,U1D550,\mathbb{Y},<Multi_key> <b> <Y>,mathematical bold capital Y
â„¤,U2124,\mathbb{Z},<Multi_key> <b> <Z>,mathematical bold capital Z
ğ•’,U1D552,\mathbb{a},<Multi_key> <b> <a>,mathematical bold small a
ğ•“,U1D553,\mathbb{b},<Multi_key> <b> <b>,mathematical bold small b
ğ•”,U1D554,\mathbb{c},<Multi_key> <b> <c>,mathematical bold small c
ğ••,U1D555,\mathbb{d},<Multi_key> <b> <d>,mathematical bold small d
ğ•–,U1D556,\mathbb{e},<Multi_key> <b> <e>,mathematical bold small e
ğ•—,U1D557,\mathbb{f},<Multi_key> <b> <f>,mathematical bold small f
ğ•˜,U1D558,\mathbb{g},<Multi_key> <b> <g>,mathematical bold small g
ğ•™,U1D559,\mathbb{h},<Multi_key> <b> <h>,mathematical bold small h
ğ•š,U1D55A,\mathbb{i},<Multi_key> <b> <i>,mathematical bold small i
ğ•›,U1D55B,\mathbb{j},<Multi_key> <b> <j>,mathematical bold small j
ğ•œ,U1D55C,\mathbb{k},<Multi_key> <b> <k>,mathematical bold small k
ğ•,U1D55D,\mathbb{l},<Multi_key> <b> <l>,mathematical bold small l
ğ•,U1D55E,\mathbb{m},<Multi_key> <b> <m>,mathematical bold small m
ğ•Ÿ,U1D55F,\mathbb{n},<Multi_key> <b> <n>,mathematical bold small n
ğ• ,U1D560,\mathbb{o},<Multi_key> <b> <o>,mathematical bold small o
ğ•¡,U1D561,\mathbb{p},<Multi_key> <b> <p>,mathematical bold small p
ğ•¢,U1D562,\mathbb{q},<Multi_key> <b> <q>,mathematical bold small q
ğ•£,U1D563,\mathbb{r},<Multi_key> <b> <r>,mathematical bold small r
ğ•¤,U1D564,\mathbb{s},<Multi_key> <b> <s>,mathematical bold small s
ğ•¥,U1D565,\mathbb{t},<Multi_key> <b> <t>,mathematical bold small t
ğ•¦,U1D566,\mathbb{u},<Multi_key> <b> <u>,mathematical bold small u
ğ•§,U1D567,\mathbb{v},<Multi_key> <b> <v>,mathematical bold small v
ğ•¨,U1D568,\mathbb{w},<Multi_key> <b> <w>,mathematical bold small w
ğ•©,U1D569,\mathbb{x},<Multi_key> <b> <x>,mathematical bold small x
ğ•ª,U1D56A,\mathbb{y},<Multi_key> <b> <y>,mathematical bold small y
ğ•«,U1D56B,\mathbb{z},<Multi_key> <b> <z>,mathematical bold small z
ğŸ˜,U1D7D8,\mathbb{0},<Multi_key> <b> <0>,mathematical double-struck digit zero
ğŸ™,U1D7D9,\mathbbm{1},<Multi_key> <b> <1>,mathematical double-struck digit one
ğŸš,U1D7DA,\mathbb{2},<Multi_key> <b> <2>,mathematical double-struck digit two
ğŸ›,U1D7DB,\mathbb{3},<Multi_key> <b> <3>,mathematical double-struck digit three
ğŸœ,U1D7DC,\mathbb{4},<Multi_key> <b> <4>,mathematical double-struck digit four
ğŸ,U1D7DD,\mathbb{5},<Multi_key> <b> <5>,mathematical double-struck digit five
ğŸ,U1D7DE,\mathbb{6},<Multi_key> <b> <6>,mathematical double-struck digit six
ğŸŸ,U1D7DF,\mathbb{7},<Multi_key> <b> <7>,mathematical double-struck digit seven
ğŸ ,U1D7E0,\mathbb{8},<Multi_key> <b> <8>,mathematical double-struck digit eight
ğŸ¡,U1D7E1,\mathbb{9},<Multi_key> <b> <9>,mathematical double-struck digit nine
Î‘,U0391,\Alpha,<Multi_key> <asterisk> <A>,greek capital letter alpha
Î’,U0392,\Beta,<Multi_key> <asterisk> <B>,greek capital letter beta
Î¨,U03A8,\Psi,<Multi_key> <asterisk> <C>,greek capital letter psi
Î”,U0394,\Delta,<Multi_key> <asterisk> <D>,greek capital letter delta
Î•,U0395,\varepsilon,<Multi_key> <asterisk> <E>,greek capital letter epsilon
Î¦,U03A6,\varphi,<Multi_key> <asterisk> <F>,greek capital letter phi
Î“,U0393,\Gamma,<Multi_key> <asterisk> <G>,greek capital letter gamma
Î—,U0397,\Eta,<Multi_key> <asterisk> <H>,greek capital letter eta
Î™,U0399,\Iota,<Multi_key> <asterisk> <I>,greek capital letter iota
Î,U039E,\Xi,<Multi_key> <asterisk> <J>,greek capital letter xi
Îš,U039A,\Kappa,<Multi_key> <asterisk> <K>,greek capital letter kappa
Î›,U039B,\Lambda,<Multi_key> <asterisk> <L>,greek capital letter lambda
Îœ,U039C,\Mu,<Multi_key> <asterisk> <M>,greek capital letter mu
Î,U039D,\Nu,<Multi_key> <asterisk> <N>,greek capital letter nu
ÎŸ,U039F,\Omicron,<Multi_key> <asterisk> <O>,greek capital letter omicron
Î ,U03A0,\Pi,<Multi_key> <asterisk> <P>,greek capital letter pi
Î¡,U03A1,\Rho,<Multi_key> <asterisk> <R>,greek capital letter rho
Î£,U03A3,\Sigma,<Multi_key> <asterisk> <S>,greek capital letter sigma
Î¤,U03A4,\Tau,<Multi_key> <asterisk> <T>,greek capital letter tau
Î˜,U0398,\Theta,<Multi_key> <asterisk> <U>,greek capital letter theta
Î©,U03A9,\Omega,<Multi_key> <asterisk> <W>,greek capital letter omega
Î§,U03A7,\Chi,<Multi_key> <asterisk> <X>,greek capital letter chi
Î¥,U03A5,\Upsilon,<Multi_key> <asterisk> <Y>,greek capital letter upsilon
Î–,U0396,\Zeta,<Multi_key> <asterisk> <Z>,greek capital letter zeta
Î±,U03B1,\alpha,<Multi_key> <asterisk> <a>,greek small letter alpha
Î²,U03B2,\beta,<Multi_key> <asterisk> <b>,greek small letter beta
Ïˆ,U03C8,\psi,<Multi_key> <asterisk> <c>,greek small letter psi
Î´,U03B4,\delta,<Multi_key> <asterisk> <d>,greek small letter delta
Ïµ,U03F5,\epsilon,,
Îµ,U03B5,\varepsilon,<Multi_key> <asterisk> <e>,greek small letter epsilon
Ï•,U03D5,\phi,,
Ï†,U03C6,\varphi,<Multi_key> <asterisk> <f>,greek small letter phi
Î³,U03B3,\gamma,<Multi_key> <asterisk> <g>,greek small letter gamma
Î·,U03B7,\eta,<Multi_key> <asterisk> <h>,greek small letter eta
Î¹,U03B9,\iota,<Multi_key> <asterisk> <i>,greek small letter iota
Î¾,U03BE,\xi,<Multi_key> <asterisk> <j>,greek small letter xi
Îº,U03BA,\kappa,<Multi_key> <asterisk> <k>,greek small letter kappa
Î»,U03BB,\lambda,<Multi_key> <asterisk> <l>,greek small letter lambda
Î¼,U03BC,\mu,<Multi_key> <asterisk> <m>,greek small letter mu
Î½,U03BD,\nu,<Multi_key> <asterisk> <n>,greek small letter nu
Î¿,U03BF,\omicron,<Multi_key> <asterisk> <o>,greek small letter omicron
Ï€,U03C0,\pi,<Multi_key> <asterisk> <p>,greek small letter pi
Ï,U03C1,\rho,<Multi_key> <asterisk> <r>,greek small letter rho
Ïƒ,U03C3,\sigma,<Multi_key> <asterisk> <s>,greek small letter sigma
Ï„,U03C4,\tau,<Multi_key> <asterisk> <t>,greek small letter tau
Î¸,U03B8,\theta,<Multi_key> <asterisk> <u>,greek small letter theta
Ï‰,U03C9,\omega,<Multi_key> <asterisk> <w>,greek small letter omega
Ï…,U03C5,\upsilon,<Multi_key> <asterisk> <y>,greek small letter upsilon
Ï‚,U03C2,\varsigma,,greek small letter final sigma
Ï‡,U03C7,\chi,<Multi_key> <asterisk> <x>,greek small letter chi
Ï…,U03C5,\upsilon,<Multi_key> <asterisk> <y>,greek small letter upsilon
Î¶,U03B6,\zeta,<Multi_key> <asterisk> <z>,greek small letter zeta
ğ’œ,U1D49C,\mathcal{A},<Multi_key> <c> <A>,mathematical script capital A
â„¬,U212C,\mathcal{B},<Multi_key> <c> <B>,mathematical script capital B
ğ’,U1D49E,\mathcal{C},<Multi_key> <c> <C>,mathematical script capital C
ğ’Ÿ,U1D49F,\mathcal{D},<Multi_key> <c> <D>,mathematical script capital D
â„°,U2130,\mathcal{E},<Multi_key> <c> <E>,mathematical script capital E
â„±,U2131,\mathcal{F},<Multi_key> <c> <F>,mathematical script capital F
ğ’¢,U1D4A2,\mathcal{G},<Multi_key> <c> <G>,mathematical script capital G
â„‹,U210B,\mathcal{H},<Multi_key> <c> <H>,mathematical script capital H
â„,U2110,\mathcal{I},<Multi_key> <c> <I>,mathematical script capital I
ğ’¥,U1D4A5,\mathcal{J},<Multi_key> <c> <J>,mathematical script capital J
ğ’¦,U1D4A6,\mathcal{K},<Multi_key> <c> <K>,mathematical script capital K
â„’,U2112,\mathcal{L},<Multi_key> <c> <L>,mathematical script capital L
â„³,U2133,\mathcal{M},<Multi_key> <c> <M>,mathematical script capital M
ğ’©,U1D4A9,\mathcal{N},<Multi_key> <c> <N>,mathematical script capital N
ğ’ª,U1D4AA,\mathcal{O},<Multi_key> <c> <O>,mathematical script capital O
ğ’«,U1D4AB,\mathcal{P},<Multi_key> <c> <P>,mathematical script capital P
ğ’¬,U1D4AC,\mathcal{Q},<Multi_key> <c> <Q>,mathematical script capital Q
â„›,U211B,\mathcal{R},<Multi_key> <c> <R>,mathematical script capital R
ğ’®,U1D4AE,\mathcal{S},<Multi_key> <c> <S>,mathematical script capital S
ğ’¯,U1D4AF,\mathcal{T},<Multi_key> <c> <T>,mathematical script capital T
ğ’°,U1D4B0,\mathcal{U},<Multi_key> <c> <U>,mathematical script capital U
ğ’±,U1D4B1,\mathcal{V},<Multi_key> <c> <V>,mathematical script capital V
ğ’²,U1D4B2,\mathcal{W},<Multi_key> <c> <W>,mathematical script capital W
ğ’³,U1D4B3,\mathcal{X},<Multi_key> <c> <X>,mathematical script capital X
ğ’´,U1D4B4,\mathcal{Y},<Multi_key> <c> <Y>,mathematical script capital Y
ğ’µ,U1D4B5,\mathcal{Z},<Multi_key> <c> <Z>,mathematical script capital Z
ğ’¶,U1D4B6,\mathcal{a},<Multi_key> <c> <a>,mathematical script small a
ğ’·,U1D4B7,\mathcal{b},<Multi_key> <c> <b>,mathematical script small b
ğ’¸,U1D4B8,\mathcal{c},<Multi_key> <c> <c>,mathematical script small c
ğ’¹,U1D4B9,\mathcal{d},<Multi_key> <c> <d>,mathematical script small d
â„¯,U212F,\mathcal{e},<Multi_key> <c> <e>,mathematical script small e
ğ’»,U1D4BB,\mathcal{f},<Multi_key> <c> <f>,mathematical script small f
â„Š,U210A,\mathcal{g},<Multi_key> <c> <g>,mathematical script small g
ğ’½,U1D4BD,\mathcal{h},<Multi_key> <c> <h>,mathematical script small h
ğ’¾,U1D4BE,\mathcal{i},<Multi_key> <c> <i>,mathematical script small i
ğ’¿,U1D4BF,\mathcal{j},<Multi_key> <c> <j>,mathematical script small j
ğ“€,U1D4C0,\mathcal{k},<Multi_key> <c> <k>,mathematical script small k
ğ“,U1D4C1,\mathcal{l},<Multi_key> <c> <l>,mathematical script small l
ğ“‚,U1D4C2,\mathcal{m},<Multi_key> <c> <m>,mathematical script small m
ğ“ƒ,U1D4C3,\mathcal{n},<Multi_key> <c> <n>,mathematical script small n
â„´,U2134,\mathcal{o},<Multi_key> <c> <o>,mathematical script small o
ğ“…,U1D4C5,\mathcal{p},<Multi_key> <c> <p>,mathematical script small p
ğ“†,U1D4C6,\mathcal{q},<Multi_key> <c> <q>,mathematical script small q
ğ“‡,U1D4C7,\mathcal{r},<Multi_key> <c> <r>,mathematical script small r
ğ“ˆ,U1D4C8,\mathcal{s},<Multi_key> <c> <s>,mathematical script small s
ğ“‰,U1D4C9,\mathcal{t},<Multi_key> <c> <t>,mathematical script small t
ğ“Š,U1D4CA,\mathcal{u},<Multi_key> <c> <u>,mathematical script small u
ğ“‹,U1D4CB,\mathcal{v},<Multi_key> <c> <v>,mathematical script small v
ğ“Œ,U1D4CC,\mathcal{w},<Multi_key> <c> <w>,mathematical script small w
ğ“,U1D4CD,\mathcal{x},<Multi_key> <c> <x>,mathematical script small x
ğ“,U1D4CE,\mathcal{y},<Multi_key> <c> <y>,mathematical script small y
ğ“,U1D4CF,\mathcal{z},<Multi_key> <c> <z>,mathematical script small z
ğ“,U1D4D0,\mathcal{A},<Multi_key> <C> <A>,mathematical bold script capital A
ğ“‘,U1D4D1,\mathcal{B},<Multi_key> <C> <B>,mathematical bold script capital B
ğ“’,U1D4D2,\mathcal{C},<Multi_key> <C> <C>,mathematical bold script capital C
ğ““,U1D4D3,\mathcal{D},<Multi_key> <C> <D>,mathematical bold script capital D
ğ“”,U1D4D4,\mathcal{E},<Multi_key> <C> <E>,mathematical bold script capital E
ğ“•,U1D4D5,\mathcal{F},<Multi_key> <C> <F>,mathematical bold script capital F
ğ“–,U1D4D6,\mathcal{G},<Multi_key> <C> <G>,mathematical bold script capital G
ğ“—,U1D4D7,\mathcal{H},<Multi_key> <C> <H>,mathematical bold script capital H
ğ“˜,U1D4D8,\mathcal{I},<Multi_key> <C> <I>,mathematical bold script capital I
ğ“™,U1D4D9,\mathcal{J},<Multi_key> <C> <J>,mathematical bold script capital J
ğ“š,U1D4DA,\mathcal{K},<Multi_key> <C> <K>,mathematical bold script capital K
ğ“›,U1D4DB,\mathcal{L},<Multi_key> <C> <L>,mathematical bold script capital L
ğ“œ,U1D4DC,\mathcal{M},<Multi_key> <C> <M>,mathematical bold script capital M
ğ“,U1D4DD,\mathcal{N},<Multi_key> <C> <N>,mathematical bold script capital N
ğ“,U1D4DE,\mathcal{O},<Multi_key> <C> <O>,mathematical bold script capital O
ğ“Ÿ,U1D4DF,\mathcal{P},<Multi_key> <C> <P>,mathematical bold script capital P
ğ“ ,U1D4E0,\mathcal{Q},<Multi_key> <C> <Q>,mathematical bold script capital Q
ğ“¡,U1D4E1,\mathcal{R},<Multi_key> <C> <R>,mathematical bold script capital R
ğ“¢,U1D4E2,\mathcal{S},<Multi_key> <C> <S>,mathematical bold script capital S
ğ“£,U1D4E3,\mathcal{T},<Multi_key> <C> <T>,mathematical bold script capital T
ğ“¤,U1D4E4,\mathcal{U},<Multi_key> <C> <U>,mathematical bold script capital U
ğ“¥,U1D4E5,\mathcal{V},<Multi_key> <C> <V>,mathematical bold script capital V
ğ“¦,U1D4E6,\mathcal{W},<Multi_key> <C> <W>,mathematical bold script capital W
ğ“§,U1D4E7,\mathcal{X},<Multi_key> <C> <X>,mathematical bold script capital X
ğ“¨,U1D4E8,\mathcal{Y},<Multi_key> <C> <Y>,mathematical bold script capital Y
ğ“©,U1D4E9,\mathcal{Z},<Multi_key> <C> <Z>,mathematical bold script capital Z
ğ“ª,U1D4EA,\mathcal{a},<Multi_key> <C> <a>,mathematical bold script small a
ğ“«,U1D4EB,\mathcal{b},<Multi_key> <C> <b>,mathematical bold script small b
ğ“¬,U1D4EC,\mathcal{c},<Multi_key> <C> <c>,mathematical bold script small c
ğ“­,U1D4ED,\mathcal{d},<Multi_key> <C> <d>,mathematical bold script small d
ğ“®,U1D4EE,\mathcal{e},<Multi_key> <C> <e>,mathematical bold script small e
ğ“¯,U1D4EF,\mathcal{f},<Multi_key> <C> <f>,mathematical bold script small f
ğ“°,U1D4F0,\mathcal{g},<Multi_key> <C> <g>,mathematical bold script small g
ğ“±,U1D4F1,\mathcal{h},<Multi_key> <C> <h>,mathematical bold script small h
ğ“²,U1D4F2,\mathcal{i},<Multi_key> <C> <i>,mathematical bold script small i
ğ“³,U1D4F3,\mathcal{j},<Multi_key> <C> <j>,mathematical bold script small j
ğ“´,U1D4F4,\mathcal{k},<Multi_key> <C> <k>,mathematical bold script small k
ğ“µ,U1D4F5,\mathcal{l},<Multi_key> <C> <l>,mathematical bold script small l
ğ“¶,U1D4F6,\mathcal{m},<Multi_key> <C> <m>,mathematical bold script small m
ğ“·,U1D4F7,\mathcal{n},<Multi_key> <C> <n>,mathematical bold script small n
ğ“¸,U1D4F8,\mathcal{o},<Multi_key> <C> <o>,mathematical bold script small o
ğ“¹,U1D4F9,\mathcal{p},<Multi_key> <C> <p>,mathematical bold script small p
ğ“º,U1D4FA,\mathcal{q},<Multi_key> <C> <q>,mathematical bold script small q
ğ“»,U1D4FB,\mathcal{r},<Multi_key> <C> <r>,mathematical bold script small r
ğ“¼,U1D4FC,\mathcal{s},<Multi_key> <C> <s>,mathematical bold script small s
ğ“½,U1D4FD,\mathcal{t},<Multi_key> <C> <t>,mathematical bold script small t
ğ“¾,U1D4FE,\mathcal{u},<Multi_key> <C> <u>,mathematical bold script small u
ğ“¿,U1D4FF,\mathcal{v},<Multi_key> <C> <v>,mathematical bold script small v
ğ”€,U1D500,\mathcal{w},<Multi_key> <C> <w>,mathematical bold script small w
ğ”,U1D501,\mathcal{x},<Multi_key> <C> <x>,mathematical bold script small x
ğ”‚,U1D502,\mathcal{y},<Multi_key> <C> <y>,mathematical bold script small y
ğ”ƒ,U1D503,\mathcal{z},<Multi_key> <C> <z>,mathematical bold script small z
ğ”„,U1D504,\mathfrak{A},<Multi_key> <f> <A>,mathematical fraktur capital A
ğ”…,U1D505,\mathfrak{B},<Multi_key> <f> <B>,mathematical fraktur capital B
ğ”‡,U1D507,\mathfrak{D},<Multi_key> <f> <D>,mathematical fraktur capital D
ğ”ˆ,U1D508,\mathfrak{E},<Multi_key> <f> <E>,mathematical fraktur capital E
ğ”‰,U1D509,\mathfrak{F},<Multi_key> <f> <F>,mathematical fraktur capital F
ğ”Š,U1D50A,\mathfrak{G},<Multi_key> <f> <G>,mathematical fraktur capital G
ğ”,U1D50D,\mathfrak{J},<Multi_key> <f> <J>,mathematical fraktur capital J
ğ”,U1D50E,\mathfrak{K},<Multi_key> <f> <K>,mathematical fraktur capital K
ğ”,U1D50F,\mathfrak{L},<Multi_key> <f> <L>,mathematical fraktur capital L
ğ”,U1D510,\mathfrak{M},<Multi_key> <f> <M>,mathematical fraktur capital M
ğ”‘,U1D511,\mathfrak{N},<Multi_key> <f> <N>,mathematical fraktur capital N
ğ”’,U1D512,\mathfrak{O},<Multi_key> <f> <O>,mathematical fraktur capital O
ğ”“,U1D513,\mathfrak{P},<Multi_key> <f> <P>,mathematical fraktur capital P
ğ””,U1D514,\mathfrak{Q},<Multi_key> <f> <Q>,mathematical fraktur capital Q
ğ”–,U1D516,\mathfrak{S},<Multi_key> <f> <S>,mathematical fraktur capital S
ğ”—,U1D517,\mathfrak{T},<Multi_key> <f> <T>,mathematical fraktur capital T
ğ”˜,U1D518,\mathfrak{U},<Multi_key> <f> <U>,mathematical fraktur capital U
ğ”™,U1D519,\mathfrak{V},<Multi_key> <f> <V>,mathematical fraktur capital V
ğ”š,U1D51A,\mathfrak{W},<Multi_key> <f> <W>,mathematical fraktur capital W
ğ”›,U1D51B,\mathfrak{X},<Multi_key> <f> <X>,mathematical fraktur capital X
ğ”œ,U1D51C,\mathfrak{Y},<Multi_key> <f> <Y>,mathematical fraktur capital Y
ğ”,U1D51E,\mathfrak{a},<Multi_key> <f> <a>,mathematical fraktur small a
ğ”Ÿ,U1D51F,\mathfrak{b},<Multi_key> <f> <b>,mathematical fraktur small b
ğ” ,U1D520,\mathfrak{c},<Multi_key> <f> <c>,mathematical fraktur small c
ğ”¡,U1D521,\mathfrak{d},<Multi_key> <f> <d>,mathematical fraktur small d
ğ”¢,U1D522,\mathfrak{e},<Multi_key> <f> <e>,mathematical fraktur small e
ğ”£,U1D523,\mathfrak{f},<Multi_key> <f> <f>,mathematical fraktur small f
ğ”¤,U1D524,\mathfrak{g},<Multi_key> <f> <g>,mathematical fraktur small g
ğ”¥,U1D525,\mathfrak{h},<Multi_key> <f> <h>,mathematical fraktur small h
ğ”¦,U1D526,\mathfrak{i},<Multi_key> <f> <i>,mathematical fraktur small i
ğ”§,U1D527,\mathfrak{j},<Multi_key> <f> <j>,mathematical fraktur small j
ğ”¨,U1D528,\mathfrak{k},<Multi_key> <f> <k>,mathematical fraktur small k
ğ”©,U1D529,\mathfrak{l},<Multi_key> <f> <l>,mathematical fraktur small l
ğ”ª,U1D52A,\mathfrak{m},<Multi_key> <f> <m>,mathematical fraktur small m
ğ”«,U1D52B,\mathfrak{n},<Multi_key> <f> <n>,mathematical fraktur small n
ğ”¬,U1D52C,\mathfrak{o},<Multi_key> <f> <o>,mathematical fraktur small o
ğ”­,U1D52D,\mathfrak{p},<Multi_key> <f> <p>,mathematical fraktur small p
ğ”®,U1D52E,\mathfrak{q},<Multi_key> <f> <q>,mathematical fraktur small q
ğ”¯,U1D52F,\mathfrak{r},<Multi_key> <f> <r>,mathematical fraktur small r
ğ”°,U1D530,\mathfrak{s},<Multi_key> <f> <s>,mathematical fraktur small s
ğ”±,U1D531,\mathfrak{t},<Multi_key> <f> <t>,mathematical fraktur small t
ğ”²,U1D532,\mathfrak{u},<Multi_key> <f> <u>,mathematical fraktur small u
ğ”³,U1D533,\mathfrak{v},<Multi_key> <f> <v>,mathematical fraktur small v
ğ”´,U1D534,\mathfrak{w},<Multi_key> <f> <w>,mathematical fraktur small w
ğ”µ,U1D535,\mathfrak{x},<Multi_key> <f> <x>,mathematical fraktur small x
ğ”¶,U1D536,\mathfrak{y},<Multi_key> <f> <y>,mathematical fraktur small y
ğ”·,U1D537,\mathfrak{z},<Multi_key> <f> <z>,mathematical fraktur small z
â†ª,U21AA,\hookrightarrow,<Multi_key> <parenleft> <minus> <greater>,rightwards arrow with hook
â†,U2190,\gets,<Multi_key> <less> <minus>,
â†’,U2192,\to,<Multi_key> <minus> <greater>,
â†¦,U21A6,\mapsto,<Multi_key> <bar> <minus> <greater>,
â‡’,U21D2,\Rightarrow,<Multi_key> <equal> <greater>,RIGHTWARDS DOUBLE ARROW
â‡,U21D0,\Leftarrow,<Multi_key> <less> <equal>,LEFTWARDS DOUBLE ARROW
â‡”,U21D4,\Leftrightarrow,<Multi_key> <equal> <less> <greater>,LEFT RIGHT DOUBLE ARROW
â‡,U21CF,\nRightarrow,<Multi_key> <exclam> <equal> <greater>,
â†‘,U2191,\uparrow,<Multi_key> <circumflex> <bar>,UPWARDS ARROW
â†“,U2193,\downarrow,<Multi_key> <bar> <circumflex>,DOWNWARDS ARROW
â‡‰,U21C9,\rightrightarrows,<Multi_key> <minus> <minus>,RIGHTWARDS PAIRED ARROWS
â‡“,U21D3,\Downarrow,<Multi_key> <bar> <bar>,DOWNWARDS DOUBLE ARROW
â‡€,U21C0,\rightharpoonup,<Multi_key> <minus> <backslash>,RIGHTWARDS HARPOON WITH BARB UPWARDS
âŠŠ,U228A,\subsetneq,<Multi_key> <parenleft> <exclam> <equal>,SUBSET NOT EQUAL
â‰,U2250,\doteq,<Multi_key> <period> <equal>,
âˆ–,U2216,\setminus,<Multi_key> <backslash> <backslash>,
âŠ¢,U22A2,\vdash,<Multi_key> <bar> <minus> <space>,RIGHT TACK
âŠ£,U22A3,\dashv,<Multi_key> <minus> <bar>,LEFT TACK
âŠ¨,U22A8,\models,<Multi_key> <bar> <equal>,
â‰¡,U2261,\equiv,<Multi_key> <equal> <equal>,IDENTICAL TO
â‰”,U2254,\coloneqq,<Multi_key> <colon> <equal>,COLON EQUALS
â‰•,U2255,\eqcolon,<Multi_key> <equal> <colon>,EQUALS COLON
Â¬,U00AC,\neg,<Multi_key> <minus> <comma>,NOT SIGN
âŒŠ,U230A,\left\lfloor,<Multi_key> <L> <bracketleft>,LEFT FLOOR
âŒ‹,U230B,\right\rfloor,<Multi_key> <L> <bracketright>,RIGHT FLOOR
âŒˆ,U2308,\left\lceil,<Multi_key> <7> <bracketleft>,LEFT CEILING
âŒ‰,U2309,\right\rceil,<Multi_key> <7> <bracketright>,RIGHT CEILING
âŠ•,U2295,\oplus,<Multi_key> <O> <plus>,CIRCLED PLUS
â¨,U2A01,\bigoplus,,N-ARY CIRCLED PLUS OPERATOR
âŠ–,U2296,\ominus,<Multi_key> <O> <minus>,CIRCLED MINUS
âŠ—,U2297,\otimes,<Multi_key> <O> <x>,CIRCLED TIMES
â¨‚,U2A02,\bigotimes,,N-ARY CIRCLED TIMES OPERATOR
âˆ§,U2227,\wedge,<Multi_key> <slash> <backslash>,LOGICAL AND
âˆ¨,U2228,\vee,<Multi_key> <backslash> <slash>,LOGICAL OR
â‰ª,U226A,\ll,<Multi_key> <less> <less>,MUCH LESS-THAN
â‰«,U226B,\gg,<Multi_key> <greater> <greater>,MUCH GREATER-THAN
âˆ˜,U2218,\circ,<Multi_key> <Multi_key> <asterisk> <o>,RING OPERATOR
â¨¯,U2A2F,\times,<Multi_key> <Multi_key> <asterisk> <x>,CROSS PRODUCT
â‹…,U22C5,\cdot,<Multi_key> <Multi_key> <asterisk> <period>,DOT OPERATOR
âˆ—,U2217,\ast,<Multi_key> <asterisk> <asterisk>,ASTERISK OPERATOR
âˆ…,U2205,\emptyset,<Multi_key> <0> <slash>,EMPTY SET
âˆ…,U2205,\emptyset,<Multi_key> <slash> <0>,EMPTY SET
âˆª,U222A,\cup,<Multi_key> <braceleft> <U>,UNION
âˆ©,U2229,\cap,<Multi_key> <braceleft> <asciicircum>,INTERSECTION
âŠ‚,U2282,\subset,<Multi_key> <braceleft> <parenleft>,SUBSET OF
âŠ†,U2286,\subseteq,<Multi_key> <braceleft> <equal> <parenleft>,SUBSET OF OR EQUAL TO
âŠ„,U2284,\nsubseteq,<Multi_key> <exclam> <braceleft> <parenleft>,NOT A SUBSET OF
âŠ„,U2284,\nsubseteq,<Multi_key> <slash> <braceleft> <parenleft>,NOT A SUBSET OF
âŠƒ,U2283,\supset,<Multi_key> <braceleft> <parenright>,SUPERSET OF
âŠ‡,U2287,\supseteq,<Multi_key> <braceleft> <equal> <parenright>,SUPERSET OF OR EQUAL TO
â‰ ,U2260,\neq,<Multi_key> <n> <e>,NOT EQUAL TO
â‰¤,U2264,\leq,<Multi_key> <l> <e>,LESS-THAN OR EQUAL TO
â‰¥,U2265,\geq,<Multi_key> <g> <e>,GREATER-THAN OR EQUAL TO
âŠ,U228F,\sqsubset,<Multi_key> <bracketleft> <bracketleft>,SQUARE IMAGE OF
âŠ‘,U2291,\sqsubseteq,<Multi_key> <bracketleft> <equal>,SQUARE IMAGE OF OR EQUAL TO
âŠ‘,U2291,\sqsubseteq,<Multi_key> <bracketleft> <underscore>,SQUARE IMAGE OF OR EQUAL TO
âŠ,U2290,\sqsupset,<Multi_key> <bracketright> <bracketright>,SQUARE ORIGINAL OF
âŠ’,U2292,\sqsupseteq,<Multi_key> <bracketright> <equal>,SQUARE ORIGINAL OF OR EQUAL TO
âŠ’,U2292,\sqsupseteq,<Multi_key> <bracketright> <underscore>,SQUARE ORIGINAL OF OR EQUAL TO
âˆ‘,U2211,\sum,<Multi_key> <s> <u> <m>,N-ARY SUMMATION
âˆ,U220F,\prod,<Multi_key> <p> <r> <o> <d>,N-ARY PRODUCT
â€–,U2016,\Vert,<Multi_key> <v> <e> <r> <t>,DOUBLE VERTICAL LINE
âˆ£,U2223,\mid,<Multi_key> <m> <i> <d>,
âˆ¤,U2224,\nmid,<Multi_key> <n> <m> <i> <d>,
âˆ,U221D,\propto,<Multi_key> <p> <r> <o> <p>,
âˆ‡,U2207,\nabla,<Multi_key> <d> <e> <l>,NABLA
âˆ‚,U2202,\partial,<Multi_key> <p> <a> <r> <t>,PARTIAL DIFFERENTIAL
âˆ¼,U223C,\sim,<Multi_key> <s> <i> <m>,
ï½,UFF5E,\sim,<Multi_key> <Multi_key> <asciitilde> <asciitilde>,
âˆ«,U222B,\int,<Multi_key> <i> <n> <t> <space>,INTEGRAL
âˆ¬,U222C,\iint,<Multi_key> <i> <n> <t> <2> <space>,DOUBLE INTEGRAL
âˆ­,U222D,\iiint,<Multi_key> <i> <n> <t> <3> <space>,TRIPLE INTEGRAL
âˆ®,U222E,\oint,<Multi_key> <i> <n> <t> <o>,CONTOUR INTEGRAL
âˆ¯,U222F,\oiint,<Multi_key> <i> <n> <t> <2> <o>,SURFACE INTEGRAL
âˆ°,U2230,\oiiint,<Multi_key> <i> <n> <t> <3> <o>,VOLUME INTEGRAL
âŠ¤,U22A4,\top,<Multi_key> <l> <t> <o> <p>,DOWN TACK (opposite of False)
âŠ¥,U22A5,\bot,<Multi_key> <l> <b> <o> <t>,UP TACK
âŸ‚,U27C2,\perp,<Multi_key> <underscore> <bar> <underscore>,PERPENDICULAR
â««,U2AEB,,<Multi_key> <underscore> <bar> <bar> <underscore>,
â€ ,U2020,\dagger,<Multi_key> <d> <a> <g>,DAGGER
â„œ,U211C,\Re,<Multi_key> <R> <e>,BLACK-LETTER CAPITAL R (Real Part)
â„‘,U2111,\Im,<Multi_key> <I> <m>,BLACK-LETTER CAPITAL I (Imaginary Part)
â„µ,U2135,\aleph,<Multi_key> <Multi_key> <a> <l> <e> <p> <h>,ALEF SYMBOL
âˆˆ,U2208,\in,<Multi_key> <i> <n> <space>,ELEMENT OF
âˆ‰,U2209,\not\in,<Multi_key> <exclam> <i> <n>,NOT AN ELEMENT OF
âˆ‹,U220B,\ni,<Multi_key> <n> <i>,CONTAINS AS MEMBER
âˆŒ,U220C,\notni,<Multi_key> <exclam> <n> <i>,DOES NOT CONTAIN AS MEMBER
âˆƒ,U2203,\exists,<Multi_key> <E> <E>,THERE EXISTS
âˆ„,U2204,\nexists,<Multi_key> <exclam> <E>,THERE DOES NOT EXIST
âˆ€,U2200,\forall,<Multi_key> <A> <A>,FOR ALL
âˆ,U221E,\infty,<Multi_key> <8> <8>,INFINITY
â„“,U2113,\ell,<Multi_key> <l> <l>,SCRIPT SMALL L
â‰…,U2245,\cong,<Multi_key> <asciitilde> <equal>,APPROXIMATELY EQUAL TO
âŠ”,U2294,\sqcup,,SQUARE CUP
Ã·,U00F7,\div,,DIVISION SIGN
â‹®,U22EE,\vdots,<Multi_key> <bar> <period> <period>,VERTICAL ELLIPSIS
â‹¯,U22EF,\cdots,<Multi_key> <minus> <period> <period>,MIDLINE HORIZONTAL ELLIPSIS
â€¦,U2026,\ifmmode\ldots\else\textellipsis\fi,<Multi_key> <period> <period> <period>,HORIZONTAL ELLIPSIS
â‹°,U22F0,\udots,<Multi_key> <slash> <period> <period>,UP RIGHT DIAGONAL ELLIPSIS
â‹±,U22F1,\ddots,<Multi_key> <backslash> <period> <period>,DOWN RIGHT DIAGONAL ELLIPSIS
âˆ´,U2234,\therefore,<Multi_key> <t> <h> <e>,THEREFORE
â„µâ‚€,,\aleph_0,<Multi_key> <Multi_key> <a> <l> <e> <p> <0>,ALEF Null
â„µâ‚,,\aleph_1,<Multi_key> <Multi_key> <a> <l> <e> <p> <1>,ALEF One
ğŸ“,,\emoji{round-pushpin},<Multi_key> <e> <l>, 
Â±,U00B1,\pm,<Multi_key> <plus> <minus>,PLUS-MINUS SIGN
â‰ˆ,U2248,\approx,<Multi_key> <asciitilde> <asciitilde>,ALMOST EQUAL TO
\^{-1},,,<Multi_key> <minus> <1>,
\int_{âˆ}^{âˆ},,,<Multi_key> <i> <n> <t> <8>,
\\abs{,,,<Multi_key> <p> <a> <space>,
\\angles{,,,<Multi_key> <p> <g>,
\\parens{,,,<Multi_key> <p> <p>,
\\sqbracks{,,,<Multi_key> <p> <q>,
\\bracks{,,,<Multi_key> <p> <b>,
\\norm{,,,<Multi_key> <p> <n>,
â‹‰,U22C9,\ltimes,<Multi_key> <l> <t> <i> <m> <e> <s>,LEFT NORMAL FACTOR SEMIDIRECT PRODUCT
â‹Š,U22CA,\rtimes,<Multi_key> <r> <t> <i> <m> <e> <s>,RIGHT NORMAL FACTOR SEMIDIRECT PRODUCT
â€,U2010,\hyphen,<Multi_key> <d> <h> <y>,HYPHEN
â€’,U2012,\figuredash,<Multi_key> <d> <f> <d>,FIGURE DASH
â€“,U2013,\endash,<Multi_key> <d> <e> <n>,EN DASH
â€”,U2014,\emdash,<Multi_key> <d> <e> <m>,EM DASH
â€•,U2015,\horizbar,<Multi_key> <d> <h> <b>,HORIZONTAL BAR
âˆ’,U2212,\minus,<Multi_key> <minus> <space>,MINUS SIGN
